Model,MAE,RMSE,MAPE_%
ARIMA,389.23538306155814,515.7586175546874,16.224454109722313
LinearRegression,896.7882806427319,1057.6645934304347,49.98942096997597
ExpSmoothing,1102.811431964467,1199.9311111410339,50.76043162248233
